info, 1, version, 2, output, /home/kromanowski/workspace/perf_tester/corpus/compiler-bridge/target/scala-2.13.0-M4/classes
header(main/background),startNs,endNs,runId,phaseId,phaseName,purpose,task-count,threadId,threadName,runNs,idleNs,cpuTimeNs,userTimeNs,allocatedByte,heapSize
header(GC),startNs,endNs,startMs,endMs,name,action,cause,threads
main,33087341501544,33087343900920,1,0,<init phase>,,0,122,pool-15-thread-1,2399376,0,2358227,0,407592,233002416 
background,33087364668636,33087637435824,1,1,parser,worker,3,132,scalac-parser-worker-1,272767188,52452,252474145,250000000,11679880,269520096 
background,33087364668853,33087637585037,1,1,parser,worker,10,133,scalac-parser-worker-2,272916184,204996,192839401,190000000,6918992,269520096 
background,33087364669209,33087637657435,1,1,parser,worker,3,134,scalac-parser-worker-3,272988226,24384,202909998,190000000,7080960,269520096 
background,33087364668813,33087637711049,1,1,parser,worker,7,135,scalac-parser-worker-4,273042236,138537,220027547,220000000,7820640,269520096 
main,33087349697865,33087638168619,1,1,parser,,0,122,pool-15-thread-1,288470754,0,29348918,30000000,1640720,269520096 
main,33087638431430,33087741581416,1,2,namer,,0,122,pool-15-thread-1,103149986,0,101707975,100000000,3311568,272777128 
main,33087741728832,33087743473924,1,3,packageobjects,,0,122,pool-15-thread-1,1745092,0,1607869,0,35512,272777128 
GC,33087981526064,33088011526064,13152, 13181,PS Scavenge,end of minor GC,Metadata GC Threshold,8
GC,33087810980127,33088012980127,13181, 13382,PS MarkSweep,end of major GC,Metadata GC Threshold,8
main,33087743607038,33091839712075,1,4,typer,,0,122,pool-15-thread-1,4096105037,0,3810789976,3800000000,185788888,307387872 
main,33091840337304,33091970727190,1,5,superaccessors,,0,122,pool-15-thread-1,130389886,0,126037578,120000000,3163752,311451232 
main,33091970991030,33092979161106,1,6,patmat,,0,122,pool-15-thread-1,1008170076,0,984625915,980000000,35046320,345316736 
main,33092979354831,33093021156395,1,7,extmethods,,0,122,pool-15-thread-1,41801564,0,40604093,40000000,1163128,346671200 
main,33093021363599,33093115029244,1,8,pickler,,0,122,pool-15-thread-1,93665645,0,91712539,100000000,1911648,349380608 
GC,33093696083300,33093737083300,19075, 19115,PS Scavenge,end of minor GC,Allocation Failure,8
GC,33095503209852,33095593209852,20882, 20971,PS Scavenge,end of minor GC,Allocation Failure,8
GC,33097282111471,33097354111471,22662, 22733,PS Scavenge,end of minor GC,Allocation Failure,8
GC,33098518366006,33098560366006,23898, 23939,PS Scavenge,end of minor GC,Allocation Failure,8
GC,33099549773846,33099616773846,24929, 24995,PS Scavenge,end of minor GC,Allocation Failure,8
main,33093115285275,33100507267058,1,9,xsbt-api,,0,122,pool-15-thread-1,7391981783,0,7051774075,7030000000,1723925152,596832800 
main,33100507406975,33100644789120,1,10,xsbt-dependency,,0,122,pool-15-thread-1,137382145,0,136031947,140000000,8577368,613280640 
background,33100645450245,33100968513540,1,11,refchecks,worker,7,136,scalac-refchecks-worker-1,323063295,91840,161324698,160000000,3075752,638091064 
background,33100645554098,33100968712927,1,11,refchecks,worker,6,137,scalac-refchecks-worker-2,323158829,61005,158627134,150000000,3895400,638091064 
background,33100645653130,33100968798284,1,11,refchecks,worker,1,138,scalac-refchecks-worker-3,323145154,0,173080474,170000000,8289512,638091064 
background,33100645898248,33100968851521,1,11,refchecks,worker,9,139,scalac-refchecks-worker-4,322953273,124300,209186627,200000000,6815768,638091064 
main,33100645030944,33100969584308,1,11,refchecks,,0,122,pool-15-thread-1,324553364,0,1959543,0,25080,638091064 
main,33100969828532,33101226739024,1,12,uncurry,,0,122,pool-15-thread-1,256910492,0,252936414,250000000,9825048,646124800 
main,33101226914806,33101366513675,1,13,fields,,0,122,pool-15-thread-1,139598869,0,137428638,140000000,7857136,654158536 
main,33101366706513,33101442938041,1,14,tailcalls,,0,122,pool-15-thread-1,76231528,0,74996348,70000000,1988408,654158536 
GC,33101581622080,33101646622080,26961, 27025,PS Scavenge,end of minor GC,Allocation Failure,8
main,33101443122846,33102104515206,1,15,specialize,,0,122,pool-15-thread-1,661392360,0,583671339,580000000,53384968,254963904 
main,33102104709452,33102201659169,1,16,explicitouter,,0,122,pool-15-thread-1,96949717,0,95822930,90000000,5804752,255023624 
main,33102201985265,33102857847008,1,17,erasure,,0,122,pool-15-thread-1,655861743,0,643582257,650000000,32500952,287580904 
main,33102858050846,33102899852819,1,18,posterasure,,0,122,pool-15-thread-1,41801973,0,40953876,40000000,1854968,295720216 
main,33102900060374,33103031407532,1,19,lambdalift,,0,122,pool-15-thread-1,131347158,0,129313987,130000000,4651688,295720216 
main,33103031566964,33103118577879,1,20,constructors,,0,122,pool-15-thread-1,87010915,0,84037887,80000000,4230816,303859512 
main,33103118803017,33103146951951,1,21,flatten,,0,122,pool-15-thread-1,28148934,0,27508922,30000000,1340512,303859512 
main,33103147123287,33103354350082,1,22,mixin,,0,122,pool-15-thread-1,207226795,0,204662104,210000000,19318280,320138120 
main,33103354508880,33103379169363,1,23,cleanup,,0,122,pool-15-thread-1,24660483,0,24217383,20000000,1117328,320138120 
main,33103379329390,33103483210285,1,24,delambdafy,,0,122,pool-15-thread-1,103880895,0,101488488,100000000,5451864,328277456 
main,33103483391866,33104373138725,1,25,jvm,,0,122,pool-15-thread-1,889746859,0,869231434,850000000,52487104,377113624 
main,33104373301127,33104379335045,1,26,xsbt-analyzer,,0,122,pool-15-thread-1,6033918,0,6040819,0,513168,385252976 
info, 2, version, 2, output, /home/kromanowski/workspace/perf_tester/corpus/compiler-bridge/target/scala-2.13.0-M4/classes
header(main/background),startNs,endNs,runId,phaseId,phaseName,purpose,task-count,threadId,threadName,runNs,idleNs,cpuTimeNs,userTimeNs,allocatedByte,heapSize
header(GC),startNs,endNs,startMs,endMs,name,action,cause,threads
main,33105385184375,33105387389941,2,0,<init phase>,,0,150,pool-17-thread-7,2205566,0,2204980,0,339216,503221832 
background,33105389099971,33105494614205,2,1,parser,worker,9,153,scalac-parser-worker-1,105514234,99859,68481631,60000000,5453816,536892536 
background,33105389292400,33105494800023,2,1,parser,worker,4,154,scalac-parser-worker-2,105507623,47444,66849552,60000000,5530288,536892536 
background,33105391786574,33105494882371,2,1,parser,worker,6,155,scalac-parser-worker-3,103095797,64774,80034411,80000000,6763920,536892536 
background,33105389665560,33105494949204,2,1,parser,worker,4,156,scalac-parser-worker-4,105283644,882997,99367164,90000000,9736024,536892536 
main,33105388558928,33105496029935,2,1,parser,,0,150,pool-17-thread-7,107471007,0,2164754,0,24800,536892536 
main,33105496383458,33105508685003,2,2,namer,,0,150,pool-17-thread-7,12301545,0,11593957,20000000,489336,536892536 
main,33105508904290,33105509755030,2,3,packageobjects,,0,150,pool-17-thread-7,850740,0,854967,0,12480,536892536 
GC,33106541626285,33106619626285,31922, 31999,PS Scavenge,end of minor GC,Allocation Failure,8
main,33105509944909,33106888711230,2,4,typer,,0,150,pool-17-thread-7,1378766321,0,1285585342,1270000000,143260712,277417488 
main,33106888855022,33106903750027,2,5,superaccessors,,0,150,pool-17-thread-7,14895005,0,14901357,20000000,2437464,280099832 
main,33106903943674,33107152023023,2,6,patmat,,0,150,pool-17-thread-7,248079349,0,243821690,240000000,21422896,301558784 
main,33107152209881,33107158966181,2,7,extmethods,,0,150,pool-17-thread-7,6756300,0,6761204,10000000,381232,301558784 
main,33107159108443,33107169740068,2,8,pickler,,0,150,pool-17-thread-7,10631625,0,10639285,10000000,1334752,304245216 
GC,33108401803968,33108505803968,33782, 33885,PS Scavenge,end of minor GC,Allocation Failure,8
GC,33109530643564,33109614643564,34911, 34994,PS Scavenge,end of minor GC,Allocation Failure,8
main,33107169910077,33110693779078,2,9,xsbt-api,,0,150,pool-17-thread-7,3523869001,0,3336015694,3320000000,1694647480,943330752 
main,33110693938594,33110751418507,2,10,xsbt-dependency,,0,150,pool-17-thread-7,57479913,0,56781662,50000000,7018624,952381824 
background,33110752045161,33110863281151,2,11,refchecks,worker,5,157,scalac-refchecks-worker-1,111235990,62235,52398347,40000000,2315976,976873840 
background,33110752095475,33110863417712,2,11,refchecks,worker,7,158,scalac-refchecks-worker-2,111322237,73513,93863343,90000000,5445600,976873840 
background,33110752183500,33110863485266,2,11,refchecks,worker,1,159,scalac-refchecks-worker-3,111301766,0,81897212,80000000,7798432,976873840 
background,33110752249548,33110863543102,2,11,refchecks,worker,10,160,scalac-refchecks-worker-4,111293554,159931,57122731,50000000,2263440,976873840 
main,33110751592202,33110864048310,2,11,refchecks,,0,150,pool-17-thread-7,112456108,0,1262828,0,25024,976873840 
GC,33110953685062,33111048685062,36333, 36427,PS Scavenge,end of minor GC,Allocation Failure,8
main,33110864199011,33111074067529,2,12,uncurry,,0,150,pool-17-thread-7,209868518,0,113966797,110000000,7861744,324868552 
main,33111074244937,33111138306533,2,13,fields,,0,150,pool-17-thread-7,64061596,0,63832300,70000000,5884440,324868552 
main,33111138492033,33111163643431,2,14,tailcalls,,0,150,pool-17-thread-7,25151398,0,24648274,20000000,1302232,324868552 
main,33111163805472,33111386154528,2,15,specialize,,0,150,pool-17-thread-7,222349056,0,218304504,220000000,47476072,376785280 
main,33111386320886,33111436675719,2,16,explicitouter,,0,150,pool-17-thread-7,50354833,0,50351452,50000000,5018944,376785280 
main,33111436882117,33111735604128,2,17,erasure,,0,150,pool-17-thread-7,298722011,0,297963798,290000000,28692168,414673288 
main,33111735818676,33111751188400,2,18,posterasure,,0,150,pool-17-thread-7,15369724,0,15380497,20000000,1552544,414673288 
main,33111751435384,33111815274981,2,19,lambdalift,,0,150,pool-17-thread-7,63839597,0,63496008,60000000,3122984,425056616 
main,33111815454470,33111861052007,2,20,constructors,,0,150,pool-17-thread-7,45597537,0,44320592,50000000,2879728,425056616 
main,33111861260861,33111872246191,2,21,flatten,,0,150,pool-17-thread-7,10985330,0,10827699,10000000,1089248,425056616 
main,33111872423529,33111965745318,2,22,mixin,,0,150,pool-17-thread-7,93321789,0,92238533,90000000,17150448,445823304 
main,33111965907873,33111972196099,2,23,cleanup,,0,150,pool-17-thread-7,6288226,0,6162932,10000000,856584,445823304 
main,33111972353065,33112037296994,2,24,delambdafy,,0,150,pool-17-thread-7,64943929,0,64171705,60000000,4273072,445823304 
main,33112037461621,33112512554195,2,25,jvm,,0,150,pool-17-thread-7,475092574,0,462384222,450000000,38846192,491698312 
main,33112512725542,33112516877987,2,26,xsbt-analyzer,,0,150,pool-17-thread-7,4152445,0,4159669,0,352192,491698312 
info, 3, version, 2, output, /home/kromanowski/workspace/perf_tester/corpus/compiler-bridge/target/scala-2.13.0-M4/classes
header(main/background),startNs,endNs,runId,phaseId,phaseName,purpose,task-count,threadId,threadName,runNs,idleNs,cpuTimeNs,userTimeNs,allocatedByte,heapSize
header(GC),startNs,endNs,startMs,endMs,name,action,cause,threads
main,33113269456568,33113271760834,3,0,<init phase>,,0,165,pool-19-thread-1,2304266,0,2299894,0,339216,603597472 
background,33113273291468,33113373165903,3,1,parser,worker,7,178,scalac-parser-worker-1,99874435,64896,56327134,50000000,5577864,634768936 
background,33113274964399,33113373275043,3,1,parser,worker,9,179,scalac-parser-worker-2,98310644,88166,58628076,50000000,6239776,634768936 
background,33113275141772,33113373316832,3,1,parser,worker,3,180,scalac-parser-worker-3,98175060,37377,55978227,50000000,5460464,634768936 
background,33113275954675,33113373352205,3,1,parser,worker,4,181,scalac-parser-worker-4,97397530,40756,80585928,70000000,9470864,634768936 
main,33113272778518,33113373874743,3,1,parser,,0,165,pool-19-thread-1,101096225,0,1537845,10000000,24688,634768936 
main,33113374040610,33113379915931,3,2,namer,,0,165,pool-19-thread-1,5875321,0,5882227,0,474936,634768936 
main,33113380119869,33113380509504,3,3,packageobjects,,0,165,pool-19-thread-1,389635,0,390867,0,9936,634768936 
main,33113380621588,33114274902880,3,4,typer,,0,165,pool-19-thread-1,894281292,0,887585787,870000000,139568648,772987344 
main,33114275055686,33114294851237,3,5,superaccessors,,0,165,pool-19-thread-1,19795551,0,19801052,20000000,2399184,775214344 
main,33114295030615,33114514838832,3,6,patmat,,0,165,pool-19-thread-1,219808217,0,217294079,220000000,21358616,797479488 
main,33114514997644,33114521922201,3,7,extmethods,,0,165,pool-19-thread-1,6924557,0,6721471,10000000,375568,797479488 
main,33114522099600,33114534631377,3,8,pickler,,0,165,pool-19-thread-1,12531777,0,12531443,10000000,1334880,799710072 
GC,33114938134087,33115026134087,40318, 40405,PS Scavenge,end of minor GC,Allocation Failure,8
GC,33116556460903,33116631460903,41936, 42010,PS Scavenge,end of minor GC,Allocation Failure,8
main,33114534844563,33117845832037,3,9,xsbt-api,,0,165,pool-19-thread-1,3310987474,0,3146134308,3140000000,1693243672,1065596904 
main,33117845970153,33117880979884,3,10,xsbt-dependency,,0,165,pool-19-thread-1,35009731,0,34991604,30000000,6613208,1075210240 
background,33117881398810,33117957063205,3,11,refchecks,worker,7,182,scalac-refchecks-worker-1,75664395,74884,51193832,50000000,5718760,1096517040 
background,33117881565578,33117957163145,3,11,refchecks,worker,7,183,scalac-refchecks-worker-2,75597567,51651,31387681,30000000,2045904,1096517040 
background,33117881588075,33117957204178,3,11,refchecks,worker,1,184,scalac-refchecks-worker-3,75616103,0,72176015,70000000,7832128,1096517040 
background,33117881938315,33117957244570,3,11,refchecks,worker,8,185,scalac-refchecks-worker-4,75306255,79124,33278496,30000000,2233736,1096517040 
main,33117881100136,33117957709478,3,11,refchecks,,0,165,pool-19-thread-1,76609342,0,896368,0,24864,1096517040 
main,33117957843273,33118034958547,3,12,uncurry,,0,165,pool-19-thread-1,77115274,0,75901369,80000000,7919448,1106130368 
main,33118035133168,33118067062881,3,13,fields,,0,165,pool-19-thread-1,31929713,0,31935507,30000000,5842728,1115836256 
main,33118067194993,33118079606542,3,14,tailcalls,,0,165,pool-19-thread-1,12411549,0,12143262,10000000,1286560,1115836256 
main,33118079755348,33118250277258,3,15,specialize,,0,165,pool-19-thread-1,170521910,0,169695896,170000000,47575920,1163902976 
main,33118250499083,33118285915146,3,16,explicitouter,,0,165,pool-19-thread-1,35416063,0,35421332,40000000,4977192,1163902976 
main,33118286072579,33118515766572,3,17,erasure,,0,165,pool-19-thread-1,229693993,0,229531582,230000000,28500088,1192743152 
main,33118515979341,33118529391272,3,18,posterasure,,0,165,pool-19-thread-1,13411931,0,13425125,10000000,1520224,1192789840 
GC,33118568203381,33118655203381,43948, 44034,PS Scavenge,end of minor GC,Allocation Failure,8
main,33118529572946,33118667041779,3,19,lambdalift,,0,165,pool-19-thread-1,137468833,0,50763501,50000000,3023448,402030744 
main,33118667200118,33118708938774,3,20,constructors,,0,165,pool-19-thread-1,41738656,0,41621815,40000000,2828632,402030744 
main,33118709098748,33118723093502,3,21,flatten,,0,165,pool-19-thread-1,13994754,0,14000898,10000000,1059680,402030744 
main,33118723271379,33118809635760,3,22,mixin,,0,165,pool-19-thread-1,86364381,0,85029621,90000000,17073648,416636000 
main,33118809769881,33118814633594,3,23,cleanup,,0,165,pool-19-thread-1,4863713,0,4859444,0,825264,416636000 
main,33118814784089,33118861828228,3,24,delambdafy,,0,165,pool-19-thread-1,47044139,0,45310995,50000000,4248952,416673456 
main,33118862020552,33119131664541,3,25,jvm,,0,165,pool-19-thread-1,269643989,0,267410064,250000000,37616144,460489320 
main,33119131799891,33119134147687,3,26,xsbt-analyzer,,0,165,pool-19-thread-1,2347796,0,2352247,0,352192,460489320 
info, 4, version, 2, output, /home/kromanowski/workspace/perf_tester/corpus/compiler-bridge/target/scala-2.13.0-M4/classes
header(main/background),startNs,endNs,runId,phaseId,phaseName,purpose,task-count,threadId,threadName,runNs,idleNs,cpuTimeNs,userTimeNs,allocatedByte,heapSize
header(GC),startNs,endNs,startMs,endMs,name,action,cause,threads
main,33119848678105,33119849899217,4,0,<init phase>,,0,191,pool-21-thread-1,1221112,0,1218287,0,339216,575795112 
background,33119850931127,33119908316324,4,1,parser,worker,7,200,scalac-parser-worker-1,57385197,60191,48316137,40000000,6717080,608664952 
background,33119850985392,33119908445741,4,1,parser,worker,10,201,scalac-parser-worker-2,57460349,99553,42867270,40000000,5509312,608664952 
background,33119851112762,33119908511701,4,1,parser,worker,2,202,scalac-parser-worker-3,57398939,10861,55078053,50000000,9192720,608664952 
background,33119851724881,33119908557744,4,1,parser,worker,4,203,scalac-parser-worker-4,56832863,27778,38936490,30000000,5275816,608664952 
main,33119850602806,33119909067334,4,1,parser,,0,191,pool-21-thread-1,58464528,0,1267507,0,24640,608664952 
main,33119909217024,33119913980437,4,2,namer,,0,191,pool-21-thread-1,4763413,0,4768254,10000000,472296,611193360 
main,33119914152373,33119914581969,4,3,packageobjects,,0,191,pool-21-thread-1,429596,0,410084,0,9936,611193360 
main,33119914689354,33120726728238,4,4,typer,,0,191,pool-21-thread-1,812038884,0,808364487,790000000,139167136,759931232 
main,33120726889450,33120739850110,4,5,superaccessors,,0,191,pool-21-thread-1,12960660,0,12908122,20000000,2387624,762459608 
main,33120740018852,33120942827866,4,6,patmat,,0,191,pool-21-thread-1,202809014,0,201278571,200000000,21206560,782686840 
main,33120942975002,33120947296764,4,7,extmethods,,0,191,pool-21-thread-1,4321762,0,4329433,0,372936,782686840 
main,33120947469926,33120956386724,4,8,pickler,,0,191,pool-21-thread-1,8916798,0,8920000,10000000,1334328,785215744 
GC,33122234627592,33122317627592,47614, 47696,PS Scavenge,end of minor GC,Allocation Failure,8
GC,33124335232012,33124393232012,49715, 49772,PS Scavenge,end of minor GC,Allocation Failure,8
main,33120956511375,33124542096125,4,9,xsbt-api,,0,191,pool-21-thread-1,3585584750,0,3444578837,3440000000,1692744024,492246736 
main,33124542260255,33124566713794,4,10,xsbt-dependency,,0,191,pool-21-thread-1,24453539,0,24374176,20000000,6575024,492246736 
background,33124567333731,33124664975931,4,11,refchecks,worker,4,204,scalac-refchecks-worker-1,97642200,34162,47299539,40000000,2365008,514417392 
background,33124567439316,33124665098083,4,11,refchecks,worker,11,205,scalac-refchecks-worker-2,97658767,135880,85611597,80000000,5309048,514417392 
background,33124568226583,33124665144460,4,11,refchecks,worker,1,206,scalac-refchecks-worker-3,96917877,0,85590782,80000000,7828784,514417392 
background,33124568585540,33124665184721,4,11,refchecks,worker,7,207,scalac-refchecks-worker-4,96599181,88994,47380391,40000000,2161960,514417392 
main,33124566872431,33124665745032,4,11,refchecks,,0,191,pool-21-thread-1,98872601,0,1394635,0,24416,514417392 
main,33124665918455,33124741352226,4,12,uncurry,,0,191,pool-21-thread-1,75433771,0,75108653,80000000,7790544,530249472 
main,33124741555745,33124790963409,4,13,fields,,0,191,pool-21-thread-1,49407664,0,48817793,40000000,5817272,530249472 
main,33124791135825,33124804502869,4,14,tailcalls,,0,191,pool-21-thread-1,13367044,0,13364555,20000000,1228488,530249472 
main,33124804693584,33124995858679,4,15,specialize,,0,191,pool-21-thread-1,191165095,0,191089976,190000000,46933568,577745672 
main,33124996123798,33125041561491,4,16,explicitouter,,0,191,pool-21-thread-1,45437693,0,45440226,40000000,4977480,577745672 
main,33125041751098,33125286075661,4,17,erasure,,0,191,pool-21-thread-1,244324563,0,243567164,250000000,28391128,609519640 
main,33125286260942,33125298579330,4,18,posterasure,,0,191,pool-21-thread-1,12318388,0,12325413,10000000,1520224,609519640 
main,33125298745332,33125363884707,4,19,lambdalift,,0,191,pool-21-thread-1,65139375,0,64721522,70000000,3033744,609519640 
main,33125364080865,33125410843690,4,20,constructors,,0,191,pool-21-thread-1,46762825,0,46769146,40000000,2825168,625351712 
main,33125411055784,33125424402143,4,21,flatten,,0,191,pool-21-thread-1,13346359,0,13351061,20000000,996912,625351712 
main,33125424569789,33125586256970,4,22,mixin,,0,191,pool-21-thread-1,161687181,0,160190237,160000000,17047280,641183936 
main,33125586420851,33125602473567,4,23,cleanup,,0,191,pool-21-thread-1,16052716,0,16059649,10000000,824392,641183936 
main,33125602657028,33125662434272,4,24,delambdafy,,0,191,pool-21-thread-1,59777244,0,59196145,60000000,4220944,641183936 
main,33125662625371,33125974759938,4,25,jvm,,0,191,pool-21-thread-1,312134567,0,310381204,290000000,37404304,672848056 
main,33125974901845,33125977022919,4,26,xsbt-analyzer,,0,191,pool-21-thread-1,2121074,0,2125831,10000000,352192,672848056 
info, 5, version, 2, output, /home/kromanowski/workspace/perf_tester/corpus/compiler-bridge/target/scala-2.13.0-M4/classes
header(main/background),startNs,endNs,runId,phaseId,phaseName,purpose,task-count,threadId,threadName,runNs,idleNs,cpuTimeNs,userTimeNs,allocatedByte,heapSize
header(GC),startNs,endNs,startMs,endMs,name,action,cause,threads
main,33126688911615,33126691138847,5,0,<init phase>,,0,217,pool-23-thread-4,2227232,0,2217673,10000000,339216,796629000 
background,33126692471795,33126757230212,5,1,parser,worker,4,224,scalac-parser-worker-1,64758417,34939,44363140,40000000,5743400,828568360 
background,33126692574212,33126757349808,5,1,parser,worker,6,225,scalac-parser-worker-2,64775596,61952,49085981,40000000,6264552,828568360 
background,33126692774227,33126757401189,5,1,parser,worker,2,226,scalac-parser-worker-3,64626962,11870,62275661,60000000,9182392,828568360 
background,33126693350737,33126757442480,5,1,parser,worker,11,227,scalac-parser-worker-4,64091743,141968,43042030,40000000,5474128,828568360 
main,33126691941668,33126758153636,5,1,parser,,0,217,pool-23-thread-4,66211968,0,1638024,0,24592,828568360 
main,33126758339848,33126765416020,5,2,namer,,0,217,pool-23-thread-4,7076172,0,6572234,0,471848,831025256 
main,33126765607554,33126766000405,5,3,packageobjects,,0,217,pool-23-thread-4,392851,0,398788,10000000,9936,831025256 
main,33126766138483,33127663224771,5,4,typer,,0,217,pool-23-thread-4,897086288,0,894758295,870000000,138699432,969760792 
main,33127663353775,33127677504040,5,5,superaccessors,,0,217,pool-23-thread-4,14150265,0,14157132,10000000,2302384,972217696 
main,33127677679719,33127891229928,5,6,patmat,,0,217,pool-23-thread-4,213550209,0,212665578,220000000,21147040,991872312 
main,33127891399230,33127895496320,5,7,extmethods,,0,217,pool-23-thread-4,4097090,0,4101765,0,370352,991872312 
main,33127895642367,33127903564350,5,8,pickler,,0,217,pool-23-thread-4,7921983,0,7928645,10000000,1334328,994329648 
GC,33129437408398,33129646408398,54817, 55025,PS Scavenge,end of minor GC,Allocation Failure,8
main,33127903735903,33131568072719,5,9,xsbt-api,,0,217,pool-23-thread-4,3664336816,0,3455017902,3440000000,1692728640,1529205832 
main,33131568212385,33131594585794,5,10,xsbt-dependency,,0,217,pool-23-thread-4,26373409,0,26369588,20000000,6574912,1538660072 
background,33131595271946,33131672321560,5,11,refchecks,worker,5,228,scalac-refchecks-worker-1,77049614,29899,36404471,30000000,1883712,1561474152 
background,33131595361455,33131672428895,5,11,refchecks,worker,8,229,scalac-refchecks-worker-2,77067440,83867,36230127,30000000,1951808,1561474152 
background,33131595363104,33131672471009,5,11,refchecks,worker,1,230,scalac-refchecks-worker-3,77107905,0,74431455,70000000,7775936,1561474152 
background,33131595371193,33131672504767,5,11,refchecks,worker,9,231,scalac-refchecks-worker-4,77133574,83854,71132595,70000000,5791360,1561474152 
main,33131594740766,33131672988425,5,11,refchecks,,0,217,pool-23-thread-4,78247659,0,954578,0,24864,1561474152 
main,33131673130873,33131734209403,5,12,uncurry,,0,217,pool-23-thread-4,61078530,0,60247224,60000000,7765328,1561474152 
main,33131734381412,33131776926900,5,13,fields,,0,217,pool-23-thread-4,42545488,0,41381794,40000000,5780584,1570928336 
main,33131777086908,33131788389497,5,14,tailcalls,,0,217,pool-23-thread-4,11302589,0,10938939,10000000,1226296,1570928336 
main,33131788644129,33131946486010,5,15,specialize,,0,217,pool-23-thread-4,157841881,0,155660532,150000000,46403632,1618199360 
main,33131946660392,33131976682978,5,16,explicitouter,,0,217,pool-23-thread-4,30022586,0,29650225,20000000,4958128,1627653552 
main,33131976825068,33132166291590,5,17,erasure,,0,217,pool-23-thread-4,189466522,0,186961246,190000000,28187336,1656016256 
main,33132166466505,33132177077659,5,18,posterasure,,0,217,pool-23-thread-4,10611154,0,10616471,10000000,1515104,1656016256 
main,33132177233096,33132228968744,5,19,lambdalift,,0,217,pool-23-thread-4,51735648,0,51209598,50000000,3025856,1656016256 
main,33132229148181,33132263353069,5,20,constructors,,0,217,pool-23-thread-4,34204888,0,33882019,30000000,2811016,1656016256 
main,33132263567582,33132272372937,5,21,flatten,,0,217,pool-23-thread-4,8805355,0,8811227,10000000,992896,1665470480 
main,33132272538695,33132358651058,5,22,mixin,,0,217,pool-23-thread-4,86112363,0,83933269,90000000,17000032,1674924648 
main,33132358804717,33132366361825,5,23,cleanup,,0,217,pool-23-thread-4,7557108,0,7564139,0,818912,1674924648 
main,33132366507531,33132418125122,5,24,delambdafy,,0,217,pool-23-thread-4,51617591,0,49771212,50000000,4199088,1684378856 
GC,33132609831403,33132698831403,57989, 58077,PS Scavenge,end of minor GC,Allocation Failure,8
main,33132418627770,33132754105508,5,25,jvm,,0,217,pool-23-thread-4,335477738,0,242196645,240000000,37102712,516540960 
main,33132754230527,33132755955033,5,26,xsbt-analyzer,,0,217,pool-23-thread-4,1724506,0,1728214,0,288352,516540960 
info, 6, version, 2, output, /home/kromanowski/workspace/perf_tester/corpus/compiler-bridge/target/scala-2.13.0-M4/classes
header(main/background),startNs,endNs,runId,phaseId,phaseName,purpose,task-count,threadId,threadName,runNs,idleNs,cpuTimeNs,userTimeNs,allocatedByte,heapSize
header(GC),startNs,endNs,startMs,endMs,name,action,cause,threads
main,33133460386507,33133461937679,6,0,<init phase>,,0,242,pool-25-thread-6,1551172,0,1389985,0,339216,638097776 
background,33133463696340,33133513078478,6,1,parser,worker,3,248,scalac-parser-worker-1,49382138,31453,45214800,40000000,9406680,671755952 
background,33133463781651,33133513346954,6,1,parser,worker,9,249,scalac-parser-worker-2,49565303,98299,36740839,30000000,6530816,671755952 
background,33133463857230,33133513395151,6,1,parser,worker,3,250,scalac-parser-worker-3,49537921,17685,31756366,30000000,5440536,671755952 
background,33133463952164,33133513430952,6,1,parser,worker,8,251,scalac-parser-worker-4,49478788,93887,31523812,30000000,5280616,671755952 
main,33133463300513,33133513887743,6,1,parser,,0,242,pool-25-thread-6,50587230,0,1267575,10000000,24640,671755952 
main,33133514053435,33133518191778,6,2,namer,,0,242,pool-25-thread-6,4138343,0,4111710,0,469008,671755952 
main,33133518347024,33133518606579,6,3,packageobjects,,0,242,pool-25-thread-6,259555,0,260394,0,9936,671755952 
main,33133518696747,33134205233596,6,4,typer,,0,242,pool-25-thread-6,686536849,0,684645071,670000000,138420448,812740048 
main,33134205350948,33134213328100,6,5,superaccessors,,0,242,pool-25-thread-6,7977152,0,7981566,10000000,2303200,812740048 
main,33134213447458,33134375583890,6,6,patmat,,0,242,pool-25-thread-6,162136432,0,159899040,160000000,21002808,836041640 
main,33134375735566,33134380034092,6,7,extmethods,,0,242,pool-25-thread-6,4298526,0,3782343,0,370104,836041640 
main,33134380169400,33134387521388,6,8,pickler,,0,242,pool-25-thread-6,7351988,0,7233631,10000000,1334328,836041640 
GC,33136496901476,33136542901476,61877, 61922,PS Scavenge,end of minor GC,Allocation Failure,8
main,33134387669773,33137560461453,6,9,xsbt-api,,0,242,pool-25-thread-6,3172791680,0,3127354675,3090000000,1692434560,1175740920 
main,33137560600262,33137581760653,6,10,xsbt-dependency,,0,242,pool-25-thread-6,21160391,0,21145494,30000000,6521840,1175740920 
background,33137582199346,33137652132348,6,11,refchecks,worker,6,252,scalac-refchecks-worker-1,69933002,56563,27049178,20000000,2333192,1198525112 
background,33137582266231,33137652263595,6,11,refchecks,worker,10,253,scalac-refchecks-worker-2,69997364,95899,47196517,40000000,5271200,1198525112 
background,33137582332813,33137652320086,6,11,refchecks,worker,1,254,scalac-refchecks-worker-3,69987273,0,66490054,60000000,7804920,1198525112 
background,33137582639971,33137652371487,6,11,refchecks,worker,6,255,scalac-refchecks-worker-4,69731516,54881,26922447,20000000,1992544,1198525112 
main,33137581891369,33137652847203,6,11,refchecks,,0,242,pool-25-thread-6,70955834,0,926017,0,24864,1198525112 
main,33137652969668,33137708087551,6,12,uncurry,,0,242,pool-25-thread-6,55117883,0,54543510,50000000,7766536,1212452896 
main,33137708239998,33137750573635,6,13,fields,,0,242,pool-25-thread-6,42333637,0,42314750,40000000,5777056,1212452896 
main,33137750762730,33137762373676,6,14,tailcalls,,0,242,pool-25-thread-6,11610946,0,11615902,20000000,1081064,1212452896 
main,33137762537782,33137919948221,6,15,specialize,,0,242,pool-25-thread-6,157410439,0,156695336,150000000,46202840,1268106400 
main,33137920108129,33137948336153,6,16,explicitouter,,0,242,pool-25-thread-6,28228024,0,28040815,30000000,4939880,1268106400 
main,33137948473571,33138105573725,6,17,erasure,,0,242,pool-25-thread-6,157100154,0,153997918,150000000,28114568,1295933056 
main,33138105718646,33138122389006,6,18,posterasure,,0,242,pool-25-thread-6,16670360,0,16090558,20000000,1513488,1295933056 
main,33138122511694,33138172781520,6,19,lambdalift,,0,242,pool-25-thread-6,50269826,0,49832201,50000000,3026536,1295933056 
main,33138172933138,33138198444177,6,20,constructors,,0,242,pool-25-thread-6,25511039,0,25357618,20000000,2809680,1309846352 
main,33138198572609,33138204821105,6,21,flatten,,0,242,pool-25-thread-6,6248496,0,5997741,10000000,992096,1309846352 
main,33138204965901,33138279037110,6,22,mixin,,0,242,pool-25-thread-6,74071209,0,73508011,70000000,16982712,1323778992 
main,33138279167791,33138283419662,6,23,cleanup,,0,242,pool-25-thread-6,4251871,0,4252593,10000000,697568,1323778992 
main,33138283551119,33138325905831,6,24,delambdafy,,0,242,pool-25-thread-6,42354712,0,42273589,40000000,4207376,1323778992 
main,33138326051782,33138522035245,6,25,jvm,,0,242,pool-25-thread-6,195983463,0,195583807,200000000,36815064,1365518880 
main,33138522191420,33138524185134,6,26,xsbt-analyzer,,0,242,pool-25-thread-6,1993714,0,1997413,0,288352,1365518880 
info, 7, version, 2, output, /home/kromanowski/workspace/perf_tester/corpus/compiler-bridge/target/scala-2.13.0-M4/classes
header(main/background),startNs,endNs,runId,phaseId,phaseName,purpose,task-count,threadId,threadName,runNs,idleNs,cpuTimeNs,userTimeNs,allocatedByte,heapSize
header(GC),startNs,endNs,startMs,endMs,name,action,cause,threads
main,33139242999011,33139243913328,7,0,<init phase>,,0,268,pool-27-thread-9,914317,0,911469,0,339216,1473396888 
background,33139244603646,33139279809734,7,1,parser,worker,8,270,scalac-parser-worker-1,35206088,90921,24436322,20000000,5846872,1503775672 
background,33139244722122,33139279899851,7,1,parser,worker,5,271,scalac-parser-worker-2,35177729,42679,22032473,20000000,5504680,1503775672 
background,33139244846872,33139279930352,7,1,parser,worker,6,272,scalac-parser-worker-3,35083480,72007,24300301,20000000,5979400,1503775672 
background,33139245396314,33139279955246,7,1,parser,worker,4,273,scalac-parser-worker-4,34558932,34669,29526789,20000000,9321224,1503775672 
main,33139244282133,33139280345105,7,1,parser,,0,268,pool-27-thread-9,36062972,0,965837,0,24352,1503775672 
main,33139280466641,33139282929863,7,2,namer,,0,268,pool-27-thread-9,2463222,0,2468286,0,468608,1503775672 
main,33139283034663,33139283170700,7,3,packageobjects,,0,268,pool-27-thread-9,136037,0,135854,0,9936,1503775672 
main,33139283217423,33139809643969,7,4,typer,,0,268,pool-27-thread-9,526426546,0,524898272,520000000,138274888,1647286984 
main,33139809740781,33139816053432,7,5,superaccessors,,0,268,pool-27-thread-9,6312651,0,6316951,10000000,2309944,1651084288 
main,33139816159493,33139939859031,7,6,patmat,,0,268,pool-27-thread-9,123699538,0,123504585,120000000,20728744,1670070944 
main,33139940013289,33139943446074,7,7,extmethods,,0,268,pool-27-thread-9,3432785,0,3437269,10000000,367824,1671969584 
main,33139943572583,33139948914554,7,8,pickler,,0,268,pool-27-thread-9,5341971,0,5346683,0,1317080,1671969584 
GC,33140541998338,33140717998338,65921, 66096,PS Scavenge,end of minor GC,Allocation Failure,8
main,33139949041364,33143110025383,7,9,xsbt-api,,0,268,pool-27-thread-9,3160984019,0,2983639499,2980000000,1692041824,2015032568 
main,33143110152361,33143137738952,7,10,xsbt-dependency,,0,268,pool-27-thread-9,27586591,0,27551801,30000000,6444912,2021744640 
background,33143138305763,33143212432278,7,11,refchecks,worker,5,274,scalac-refchecks-worker-1,74126515,48895,23082620,20000000,1850056,2045396000 
background,33143138338633,33143212524689,7,11,refchecks,worker,9,275,scalac-refchecks-worker-2,74186056,85372,24954948,20000000,2119272,2045396000 
background,33143138485557,33143212562392,7,11,refchecks,worker,1,276,scalac-refchecks-worker-3,74076835,0,69424464,60000000,7769528,2045396000 
background,33143139111609,33143212591609,7,11,refchecks,worker,8,277,scalac-refchecks-worker-4,73480000,71364,45616902,40000000,5571112,2045396000 
main,33143137879191,33143213007600,7,11,refchecks,,0,268,pool-27-thread-9,75128409,0,906780,0,24864,2045396000 
main,33143213155480,33143255564771,7,12,uncurry,,0,268,pool-27-thread-9,42409291,0,42060921,40000000,7736552,2052108008 
main,33143255692467,33143283418566,7,13,fields,,0,268,pool-27-thread-9,27726099,0,27731414,30000000,5756400,2058820056 
main,33143283538533,33143291895809,7,14,tailcalls,,0,268,pool-27-thread-9,8357276,0,8362166,10000000,1066864,2058820056 
main,33143292036321,33143420373978,7,15,specialize,,0,268,pool-27-thread-9,128337657,0,127599241,120000000,46040384,2105804224 
main,33143420513545,33143444481625,7,16,explicitouter,,0,268,pool-27-thread-9,23968080,0,23974618,30000000,4928048,2105804224 
main,33143444630103,33143592230855,7,17,erasure,,0,268,pool-27-thread-9,147600752,0,147258385,150000000,28041488,2132652240 
main,33143592362194,33143605631442,7,18,posterasure,,0,268,pool-27-thread-9,13269248,0,13270959,10000000,1511248,2139364240 
main,33143605765436,33143672736972,7,19,lambdalift,,0,268,pool-27-thread-9,66971536,0,66674740,60000000,3014568,2139364240 
main,33143672884915,33143700300972,7,20,constructors,,0,268,pool-27-thread-9,27416057,0,27420174,30000000,2805064,2146076240 
main,33143700447585,33143706697482,7,21,flatten,,0,268,pool-27-thread-9,6249897,0,6257350,10000000,989408,2146076240 
main,33143706877606,33143786866808,7,22,mixin,,0,268,pool-27-thread-9,79989202,0,79686445,80000000,16977640,2159500248 
main,33143787024492,33143792248196,7,23,cleanup,,0,268,pool-27-thread-9,5223704,0,4846011,0,697600,2159500248 
main,33143792394901,33143832691362,7,24,delambdafy,,0,268,pool-27-thread-9,40296461,0,40223990,40000000,4167912,2166212256 
main,33143832838452,33144047766765,7,25,jvm,,0,268,pool-27-thread-9,214928313,0,212663375,190000000,36641336,2199787496 
main,33144047913002,33144049773253,7,26,xsbt-analyzer,,0,268,pool-27-thread-9,1860251,0,1864180,10000000,288352,2199787496 
info, 8, version, 2, output, /home/kromanowski/workspace/perf_tester/corpus/compiler-bridge/target/scala-2.13.0-M4/classes
header(main/background),startNs,endNs,runId,phaseId,phaseName,purpose,task-count,threadId,threadName,runNs,idleNs,cpuTimeNs,userTimeNs,allocatedByte,heapSize
header(GC),startNs,endNs,startMs,endMs,name,action,cause,threads
main,33145652689931,33145654071801,8,0,<init phase>,,0,288,pool-29-thread-6,1381870,0,1374086,0,339216,257868376 
background,33145655708459,33145695963160,8,1,parser,worker,5,294,scalac-parser-worker-1,40254701,38817,27609462,20000000,5584296,293345112 
background,33145655817230,33145696105715,8,1,parser,worker,9,295,scalac-parser-worker-2,40288485,88385,28840980,20000000,5976080,293345112 
background,33145655952787,33145696164285,8,1,parser,worker,2,296,scalac-parser-worker-3,40211498,8669,38272940,30000000,9195768,293345112 
background,33145656164221,33145696213900,8,1,parser,worker,7,297,scalac-parser-worker-4,40049679,74051,27596487,20000000,5948904,293345112 
main,33145654841314,33145696694955,8,1,parser,,0,288,pool-29-thread-6,41853641,0,1672692,0,24496,293345112 
main,33145696854638,33145701174146,8,2,namer,,0,288,pool-29-thread-6,4319508,0,4323636,0,468592,293345112 
main,33145701321746,33145701561318,8,3,packageobjects,,0,288,pool-29-thread-6,239572,0,239294,0,9936,293345112 
main,33145701628019,33146282917020,8,4,typer,,0,288,pool-29-thread-6,581289001,0,576323613,580000000,138218088,433176160 
main,33146283056489,33146290543290,8,5,superaccessors,,0,288,pool-29-thread-6,7486801,0,7492143,10000000,2302208,433176160 
main,33146290743718,33146418801282,8,6,patmat,,0,288,pool-29-thread-6,128057564,0,127765614,130000000,20644104,455007688 
main,33146418983473,33146422439715,8,7,extmethods,,0,288,pool-29-thread-6,3456242,0,3142757,0,367824,455007688 
main,33146422612191,33146428797328,8,8,pickler,,0,288,pool-29-thread-6,6185137,0,6180588,10000000,1321376,457736600 
GC,33148896214364,33148945214364,74275, 74323,PS Scavenge,end of minor GC,Allocation Failure,8
main,33146428948407,33149558526279,8,9,xsbt-api,,0,288,pool-29-thread-6,3129577872,0,3079348587,3060000000,1692058808,609759360 
main,33149558681544,33149580935658,8,10,xsbt-dependency,,0,288,pool-29-thread-6,22254114,0,22124024,20000000,6439424,609759360 
background,33149581432848,33149630437892,8,11,refchecks,worker,6,298,scalac-refchecks-worker-1,49005044,36169,42084284,40000000,5596104,629408304 
background,33149581556207,33149630557768,8,11,refchecks,worker,10,299,scalac-refchecks-worker-2,49001561,73593,20971296,20000000,2040296,629408304 
background,33149581599374,33149630605316,8,11,refchecks,worker,1,300,scalac-refchecks-worker-3,49005942,0,46596475,40000000,7803192,629408304 
background,33149582071484,33149630629706,8,11,refchecks,worker,6,301,scalac-refchecks-worker-4,48558222,42596,19416635,10000000,1940304,629408304 
main,33149581079921,33149631231703,8,11,refchecks,,0,288,pool-29-thread-6,50151782,0,869912,0,24272,629408304 
main,33149631372651,33149664840375,8,12,uncurry,,0,288,pool-29-thread-6,33467724,0,33168969,40000000,7734976,646155080 
main,33149664972018,33149685641264,8,13,fields,,0,288,pool-29-thread-6,20669246,0,20531700,20000000,5754624,646155080 
main,33149685758196,33149691731560,8,14,tailcalls,,0,288,pool-29-thread-6,5973364,0,5752035,0,1068432,646155080 
main,33149691837195,33149818028581,8,15,specialize,,0,288,pool-29-thread-6,126191386,0,126060266,130000000,45634088,696395256 
main,33149818180721,33149842960686,8,16,explicitouter,,0,288,pool-29-thread-6,24779965,0,24438541,20000000,4924328,696395256 
main,33149843114059,33149954056871,8,17,erasure,,0,288,pool-29-thread-6,110942812,0,110538889,110000000,28037368,729888672 
main,33149954171705,33149962287157,8,18,posterasure,,0,288,pool-29-thread-6,8115452,0,7960006,10000000,1509840,729888672 
main,33149962421066,33150016362045,8,19,lambdalift,,0,288,pool-29-thread-6,53940979,0,53177594,50000000,2974984,729888672 
main,33150016484032,33150040069696,8,20,constructors,,0,288,pool-29-thread-6,23585664,0,23430106,30000000,2802440,729888672 
main,33150040192584,33150047054215,8,21,flatten,,0,288,pool-29-thread-6,6861631,0,6143806,0,988000,729888672 
main,33150047194404,33150104872613,8,22,mixin,,0,288,pool-29-thread-6,57678209,0,57682876,60000000,16976096,746635368 
main,33150104990846,33150108758240,8,23,cleanup,,0,288,pool-29-thread-6,3767394,0,3772726,0,697376,763382064 
main,33150108903739,33150142219949,8,24,delambdafy,,0,288,pool-29-thread-6,33316210,0,33320666,40000000,4161240,763382064 
main,33150142684030,33150328437235,8,25,jvm,,0,288,pool-29-thread-6,185753205,0,184881279,160000000,36543024,796887976 
main,33150328559889,33150330713797,8,26,xsbt-analyzer,,0,288,pool-29-thread-6,2153908,0,2167562,0,288352,796887976 
info, 9, version, 2, output, /home/kromanowski/workspace/perf_tester/corpus/compiler-bridge/target/scala-2.13.0-M4/classes
header(main/background),startNs,endNs,runId,phaseId,phaseName,purpose,task-count,threadId,threadName,runNs,idleNs,cpuTimeNs,userTimeNs,allocatedByte,heapSize
header(GC),startNs,endNs,startMs,endMs,name,action,cause,threads
main,33150958679085,33150959734103,9,0,<init phase>,,0,308,pool-31-thread-2,1055018,0,1068032,0,339216,911186872 
background,33150960492174,33150995886829,9,1,parser,worker,3,316,scalac-parser-worker-1,35394655,16342,16672081,10000000,5355928,941751528 
background,33150961259148,33150996020205,9,1,parser,worker,7,317,scalac-parser-worker-2,34761057,54964,18645727,10000000,5754624,941751528 
background,33150961431063,33150996084622,9,1,parser,worker,9,318,scalac-parser-worker-3,34653559,51649,18856995,10000000,5318088,941751528 
background,33150964367522,33150996123623,9,1,parser,worker,4,319,scalac-parser-worker-4,31756101,26421,25998145,20000000,10243968,941751528 
main,33150960202825,33150996599323,9,1,parser,,0,308,pool-31-thread-2,36396498,0,1273774,0,24640,941751528 
main,33150996741447,33150999589404,9,2,namer,,0,308,pool-31-thread-2,2847957,0,2852319,0,466680,941751528 
main,33150999744640,33150999956355,9,3,packageobjects,,0,308,pool-31-thread-2,211715,0,212561,0,9936,941751528 
main,33151000087854,33151499571901,9,4,typer,,0,308,pool-31-thread-2,499484047,0,498727601,500000000,138518560,1080944488 
main,33151499704713,33151506876663,9,5,superaccessors,,0,308,pool-31-thread-2,7171950,0,7176916,10000000,2287352,1083127640 
main,33151507006379,33151619448634,9,6,patmat,,0,308,pool-31-thread-2,112442255,0,112450785,110000000,20621384,1102776048 
main,33151619627862,33151622217478,9,7,extmethods,,0,308,pool-31-thread-2,2589616,0,2593354,0,367320,1102776048 
main,33151622344451,33151627805572,9,8,pickler,,0,308,pool-31-thread-2,5461121,0,5291094,10000000,1333744,1104960216 
GC,33153121476253,33153300476253,78501, 78679,PS Scavenge,end of minor GC,Allocation Failure,8
main,33151627928520,33154847175225,9,9,xsbt-api,,0,308,pool-31-thread-2,3219246705,0,3039962575,3040000000,1691976008,1234636952 
main,33154847310332,33154864243839,9,10,xsbt-dependency,,0,308,pool-31-thread-2,16933507,0,16940396,20000000,6435368,1246729928 
background,33154864852591,33154907838503,9,11,refchecks,worker,7,320,scalac-refchecks-worker-1,42985912,54793,17977302,10000000,2051016,1268423896 
background,33154864989191,33154907922672,9,11,refchecks,worker,10,321,scalac-refchecks-worker-2,42933481,57023,32593836,30000000,5139128,1268423896 
background,33154865097239,33154907949679,9,11,refchecks,worker,1,322,scalac-refchecks-worker-3,42852440,0,40692335,40000000,7764648,1268423896 
background,33154865429919,33154907973751,9,11,refchecks,worker,5,323,scalac-refchecks-worker-4,42543832,33896,18413471,10000000,2342488,1268423896 
main,33154864451734,33154908208722,9,11,refchecks,,0,308,pool-31-thread-2,43756988,0,1113988,0,24864,1268423896 
main,33154908305974,33154943288317,9,12,uncurry,,0,308,pool-31-thread-2,34982343,0,34727456,30000000,7733176,1268423896 
main,33154943415548,33154963655505,9,13,fields,,0,308,pool-31-thread-2,20239957,0,19829325,20000000,5747248,1280516960 
main,33154963756717,33154969183015,9,14,tailcalls,,0,308,pool-31-thread-2,5426298,0,5420592,10000000,1065472,1280516960 
main,33154969287023,33155103437928,9,15,specialize,,0,308,pool-31-thread-2,134150905,0,133314040,130000000,45541224,1316795984 
main,33155103588659,33155121410631,9,16,explicitouter,,0,308,pool-31-thread-2,17821972,0,17827247,20000000,4924432,1328888960 
main,33155121538242,33155220321711,9,17,erasure,,0,308,pool-31-thread-2,98783469,0,98648700,100000000,28032784,1353084040 
main,33155220449437,33155233300312,9,18,posterasure,,0,308,pool-31-thread-2,12850875,0,12729904,10000000,1509840,1353084040 
main,33155233418467,33155267467382,9,19,lambdalift,,0,308,pool-31-thread-2,34048915,0,33489195,30000000,2947376,1365177072 
main,33155267646157,33155288739354,9,20,constructors,,0,308,pool-31-thread-2,21093197,0,20725913,30000000,2801496,1365177072 
main,33155288852662,33155293927879,9,21,flatten,,0,308,pool-31-thread-2,5075217,0,5081663,0,988000,1365177072 
main,33155294053633,33155344055756,9,22,mixin,,0,308,pool-31-thread-2,50002123,0,50006029,50000000,16959160,1377270048 
main,33155344196971,33155347520577,9,23,cleanup,,0,308,pool-31-thread-2,3323606,0,3328571,0,697576,1377270048 
main,33155347685958,33155374910940,9,24,delambdafy,,0,308,pool-31-thread-2,27224982,0,26973055,30000000,4145344,1389363008 
main,33155375037304,33155562356269,9,25,jvm,,0,308,pool-31-thread-2,187318965,0,187240966,170000000,36477584,1425641888 
main,33155562487514,33155564220353,9,26,xsbt-analyzer,,0,308,pool-31-thread-2,1732839,0,1737027,0,288352,1425641888 
info, 10, version, 2, output, /home/kromanowski/workspace/perf_tester/corpus/compiler-bridge/target/scala-2.13.0-M4/classes
header(main/background),startNs,endNs,runId,phaseId,phaseName,purpose,task-count,threadId,threadName,runNs,idleNs,cpuTimeNs,userTimeNs,allocatedByte,heapSize
header(GC),startNs,endNs,startMs,endMs,name,action,cause,threads
main,33156187550308,33156189274820,10,0,<init phase>,,0,331,pool-33-thread-4,1724512,0,1722039,0,339216,1530564552 
background,33156190239130,33156227241001,10,1,parser,worker,7,340,scalac-parser-worker-1,37001871,62198,21838791,20000000,5165352,1560940984 
background,33156190325567,33156227367251,10,1,parser,worker,9,341,scalac-parser-worker-2,37041684,85355,24110802,20000000,5864600,1560940984 
background,33156190479158,33156227422730,10,1,parser,worker,2,342,scalac-parser-worker-3,36943572,5763,29892635,20000000,9183008,1560940984 
background,33156191041164,33156227479317,10,1,parser,worker,5,343,scalac-parser-worker-4,36438153,44618,24981861,20000000,6455752,1560940984 
main,33156189846921,33156227695792,10,1,parser,,0,331,pool-33-thread-4,37848871,0,1393789,0,25200,1560940984 
main,33156227840683,33156232074724,10,2,namer,,0,331,pool-33-thread-4,4234041,0,4041517,0,466688,1560940984 
main,33156232247861,33156232479883,10,3,packageobjects,,0,331,pool-33-thread-4,232022,0,231826,0,9936,1560940984 
main,33156232587016,33156759949940,10,4,typer,,0,331,pool-33-thread-4,527362924,0,525958683,520000000,138077176,1698925160 
main,33156760167905,33156772427180,10,5,superaccessors,,0,331,pool-33-thread-4,12259275,0,12243723,10000000,2300664,1701094568 
main,33156772573725,33156891182691,10,6,patmat,,0,331,pool-33-thread-4,118608966,0,118545842,120000000,20530776,1722788408 
main,33156891304776,33156893718425,10,7,extmethods,,0,331,pool-33-thread-4,2413649,0,2417938,0,365032,1722788408 
main,33156893822199,33156898494479,10,8,pickler,,0,331,pool-33-thread-4,4672280,0,4677176,10000000,1333880,1722788408 
GC,33157693064773,33157873064773,83073, 83252,PS Scavenge,end of minor GC,Allocation Failure,8
main,33156898621633,33160060516468,10,9,xsbt-api,,0,331,pool-33-thread-4,3161894835,0,2982222636,2970000000,1691968408,1568671120 
main,33160060650433,33160079512451,10,10,xsbt-dependency,,0,331,pool-33-thread-4,18862018,0,18866217,10000000,6435120,1575972096 
background,33160079976992,33160151597158,10,11,refchecks,worker,8,344,scalac-refchecks-worker-1,71620166,63487,17086301,10000000,2112192,1597323544 
background,33160080032463,33160151713509,10,11,refchecks,worker,6,345,scalac-refchecks-worker-2,71681046,39908,17960583,10000000,1927456,1597323544 
background,33160080121383,33160151748969,10,11,refchecks,worker,1,346,scalac-refchecks-worker-3,71627586,0,67799561,60000000,7764424,1597323544 
background,33160080430638,33160151777638,10,11,refchecks,worker,8,347,scalac-refchecks-worker-4,71347000,53163,46274743,40000000,5517072,1597323544 
main,33160079617630,33160152023328,10,11,refchecks,,0,331,pool-33-thread-4,72405698,0,903173,10000000,24864,1597323544 
main,33160152112631,33160189057021,10,12,uncurry,,0,331,pool-33-thread-4,36944390,0,36949982,30000000,7723480,1604630448 
main,33160189192499,33160213451241,10,13,fields,,0,331,pool-33-thread-4,24258742,0,24220213,30000000,5746296,1604630448 
main,33160213584696,33160219905034,10,14,tailcalls,,0,331,pool-33-thread-4,6320338,0,6327279,0,1065088,1611931416 
main,33160220079309,33160354979664,10,15,specialize,,0,331,pool-33-thread-4,134900355,0,132377063,140000000,46100704,1655739456 
main,33160355131075,33160377535300,10,16,explicitouter,,0,331,pool-33-thread-4,22404225,0,22410440,20000000,4918464,1663040504 
main,33160377666361,33160509331300,10,17,erasure,,0,331,pool-33-thread-4,131664939,0,131574442,130000000,28026944,1684943456 
main,33160509481936,33160518568517,10,18,posterasure,,0,331,pool-33-thread-4,9086581,0,9101064,10000000,1488272,1692244504 
main,33160518761960,33160563313730,10,19,lambdalift,,0,331,pool-33-thread-4,44551770,0,44576778,40000000,2943192,1692244504 
main,33160563480417,33160592432597,10,20,constructors,,0,331,pool-33-thread-4,28952180,0,28964958,30000000,2799456,1692244504 
main,33160592590718,33160598217291,10,21,flatten,,0,331,pool-33-thread-4,5626573,0,5631910,10000000,987264,1699545488 
main,33160598354349,33160655569814,10,22,mixin,,0,331,pool-33-thread-4,57215465,0,56672942,60000000,16819064,1714147496 
main,33160655736761,33160660377701,10,23,cleanup,,0,331,pool-33-thread-4,4640940,0,4643819,0,696944,1714147496 
main,33160660500768,33160686062012,10,24,delambdafy,,0,331,pool-33-thread-4,25561244,0,25565087,30000000,4131288,1714147496 
main,33160686170726,33160867512454,10,25,jvm,,0,331,pool-33-thread-4,181341728,0,181191647,170000000,36163024,1750655800 
main,33160867636149,33160869344547,10,26,xsbt-analyzer,,0,331,pool-33-thread-4,1708398,0,1713036,10000000,287984,1750655800 
info, 11, version, 2, output, /home/kromanowski/workspace/perf_tester/corpus/compiler-bridge/target/scala-2.13.0-M4/classes
header(main/background),startNs,endNs,runId,phaseId,phaseName,purpose,task-count,threadId,threadName,runNs,idleNs,cpuTimeNs,userTimeNs,allocatedByte,heapSize
header(GC),startNs,endNs,startMs,endMs,name,action,cause,threads
main,33161431176012,33161433424647,11,0,<init phase>,,0,362,pool-35-thread-9,2248635,0,2226909,0,339216,1868460632 
background,33161435017501,33161479708058,11,1,parser,worker,8,363,scalac-parser-worker-1,44690557,62868,31865879,30000000,6998904,1899517032 
background,33161435315891,33161479846842,11,1,parser,worker,7,364,scalac-parser-worker-2,44530951,65799,27729155,20000000,5944024,1899517032 
background,33161440013339,33161479892523,11,1,parser,worker,2,365,scalac-parser-worker-3,39879184,9803,35374476,30000000,9192128,1899517032 
background,33161443864036,33161479937716,11,1,parser,worker,6,366,scalac-parser-worker-4,36073680,54322,20530211,20000000,4560624,1899517032 
main,33161434368637,33161480394683,11,1,parser,,0,362,pool-35-thread-9,46026046,0,1902628,10000000,24624,1899517032 
main,33161480567268,33161484528611,11,2,namer,,0,362,pool-35-thread-9,3961343,0,3950699,0,465392,1901458024 
main,33161484706270,33161484915454,11,3,packageobjects,,0,362,pool-35-thread-9,209184,0,205519,0,8832,1901458024 
main,33161485018190,33162020152776,11,4,typer,,0,362,pool-35-thread-9,535134586,0,531440299,530000000,137957728,2038590200 
main,33162020278875,33162026320246,11,5,superaccessors,,0,362,pool-35-thread-9,6041371,0,6046068,0,2300432,2040531200 
main,33162026421658,33162124512597,11,6,patmat,,0,362,pool-35-thread-9,98090939,0,97226148,100000000,20436664,2061882120 
main,33162124653020,33162127223677,11,7,extmethods,,0,362,pool-35-thread-9,2570657,0,2576124,0,363928,2061882120 
main,33162127365024,33162133699578,11,8,pickler,,0,362,pool-35-thread-9,6334554,0,6338550,10000000,1332640,2063831296 
GC,33162352634815,33162532634815,87732, 87911,PS Scavenge,end of minor GC,Allocation Failure,8
main,33162133832612,33165349549043,11,9,xsbt-api,,0,362,pool-35-thread-9,3215716431,0,3035272983,3030000000,1691935640,1877501808 
main,33165349781125,33165365582531,11,10,xsbt-dependency,,0,362,pool-35-thread-9,15801406,0,15796918,10000000,6433872,1881786640 
background,33165366025420,33165407755970,11,11,refchecks,worker,8,367,scalac-refchecks-worker-1,41730550,50746,30854181,30000000,5548912,1902084744 
background,33165366152382,33165407842255,11,11,refchecks,worker,7,368,scalac-refchecks-worker-2,41689873,38531,17363216,10000000,1918520,1902084744 
background,33165366439203,33165407872086,11,11,refchecks,worker,1,369,scalac-refchecks-worker-3,41432883,0,39298953,30000000,7763288,1902084744 
background,33165366690946,33165407896314,11,11,refchecks,worker,7,370,scalac-refchecks-worker-4,41205368,42112,16997376,10000000,2078384,1902084744 
main,33165365685034,33165408046904,11,11,refchecks,,0,362,pool-35-thread-9,42361870,0,946092,10000000,24864,1902084744 
main,33165408134092,33165439265852,11,12,uncurry,,0,362,pool-35-thread-9,31131760,0,31137688,30000000,7722456,1910654384 
main,33165439410002,33165461288388,11,13,fields,,0,362,pool-35-thread-9,21878386,0,21081839,20000000,5741360,1914939232 
main,33165461417260,33165470301098,11,14,tailcalls,,0,362,pool-35-thread-9,8883838,0,8881533,10000000,1063808,1919224096 
main,33165470435953,33165600770648,11,15,specialize,,0,362,pool-35-thread-9,130334695,0,130261043,120000000,45476864,1962072528 
main,33165600919324,33165620406438,11,16,explicitouter,,0,362,pool-35-thread-9,19487114,0,19491495,20000000,4917440,1966357376 
main,33165620524562,33165736413060,11,17,erasure,,0,362,pool-35-thread-9,115888498,0,115886647,120000000,28019848,1996351152 
main,33165736551062,33165743465343,11,18,posterasure,,0,362,pool-35-thread-9,6914281,0,6918624,10000000,1487568,1996351152 
main,33165743600344,33165781908633,11,19,lambdalift,,0,362,pool-35-thread-9,38308289,0,38302316,30000000,2941504,2000635992 
main,33165782058405,33165800744752,11,20,constructors,,0,362,pool-35-thread-9,18686347,0,18691044,20000000,2795984,2004920816 
main,33165800861881,33165806144100,11,21,flatten,,0,362,pool-35-thread-9,5282219,0,5286458,10000000,986896,2004920816 
main,33165806259798,33165862126446,11,22,mixin,,0,362,pool-35-thread-9,55866648,0,55858507,50000000,16809176,2022060152 
main,33165862244058,33165865876960,11,23,cleanup,,0,362,pool-35-thread-9,3632902,0,3637841,0,695120,2022060152 
main,33165866003852,33165896095132,11,24,delambdafy,,0,362,pool-35-thread-9,30091280,0,30093513,20000000,4127664,2026344976 
main,33165896274988,33166052668565,11,25,jvm,,0,362,pool-35-thread-9,156393577,0,155957925,150000000,36136016,2060623792 
main,33166052808739,33166054272028,11,26,xsbt-analyzer,,0,362,pool-35-thread-9,1463289,0,1464783,0,285960,2060623792 
